<?xml version="1.0" encoding="UTF-8"?>
<DARoots Version="1" Minor="30">
  <FileSet Name="sim_1" Type="SimulationSrcs" RelSrcDir="$PSRCDIR/sim_1">
    <Config>
      <Option Name="DesignMode" Val="RTL"/>
      <Option Name="TopModule" Val="top_quicksort"/>
      <Option Name="TopAutoSet" Val="TRUE"/>
      <Option Name="SimMode" Val="post-implementation"/>
      <Option Name="SrcSet" Val="sources_1"/>
      <Option Name="NLNetlistMode" Val="funcsim"/>
    </Config>
  </FileSet>
</DARoots>
