<?xml version="1.0"?>
<Runs Version="1" Minor="9">
	<Run Id="synth_2" Type="Ft3:Synth" SrcSet="sources_1" Part="xc7a35tcsg324-1" LaunchPart="xc7a35tcsg324-1" ConstrsSet="constrs_1" Description="Vivado Synthesis Defaults" State="current" Dir="$PRUNDIR/synth_2" LaunchTime="1688488217">
		<File Type="RDS-UTIL" Name="top_quicksort_utilization_synth.rpt"/>
		<File Type="RUN-STRAT" Name="$PDATADIR/runs/synth_2/synth_2.psg"/>
		<File Type="RDS-UTIL-PB" Name="top_quicksort_utilization_synth.pb"/>
		<File Type="RDS-DCP" Name="top_quicksort.dcp"/>
		<File Type="VDS-TIMINGSUMMARY" Name="top_quicksort_timing_summary_synth.rpt"/>
		<File Type="VDS-TIMING-PB" Name="top_quicksort_timing_summary_synth.pb"/>
		<File Type="PA-TCL" Name="top_quicksort.tcl"/>
		<File Type="RUN-SRCS" Name="$PDATADIR/runs/synth_2/sources.xml"/>
		<File Type="RUN-CONSTRS" Name="$PDATADIR/runs/synth_2/constrs_in.xml"/>
		<File Type="RDS-RDS" Name="top_quicksort.rds"/>
	</Run>
	<Run Id="impl_2" Type="Ft2:EntireDesign" SynthRun="synth_2" Part="xc7a35tcsg324-1" LaunchPart="xc7a35tcsg324-1" ConstrsSet="constrs_1" Description="Vivado Implementation Defaults" State="current" Dir="$PRUNDIR/impl_2" LaunchTime="1688488217">
		<File Type="RUN-STRAT" Name="$PDATADIR/runs/impl_2/impl_2.psg"/>
		<File Type="OPT-DRC" Name="top_quicksort_drc_opted.rpt"/>
		<File Type="PLACE-IO" Name="top_quicksort_io_placed.rpt"/>
		<File Type="PLACE-CLK" Name="top_quicksort_clock_utilization_placed.rpt"/>
		<File Type="PLACE-UTIL" Name="top_quicksort_utilization_placed.rpt"/>
		<File Type="PLACE-UTIL-PB" Name="top_quicksort_utilization_placed.pb"/>
		<File Type="PLACE-CTRL" Name="top_quicksort_control_sets_placed.rpt"/>
		<File Type="PLACE-SIMILARITY" Name="top_quicksort_incremental_reuse_placed.rpt"/>
		<File Type="PLACE-PRE-SIMILARITY" Name="top_quicksort_incremental_reuse_pre_placed.rpt"/>
		<File Type="PA-TCL" Name="top_quicksort.tcl"/>
		<File Type="ROUTE-DRC" Name="top_quicksort_drc_routed.rpt"/>
		<File Type="ROUTE-DRC-PB" Name="top_quicksort_drc_routed.pb"/>
		<File Type="ROUTE-PWR" Name="top_quicksort_power_routed.rpt"/>
		<File Type="ROUTE-PWR-SUM" Name="top_quicksort_power_summary_routed.pb"/>
		<File Type="ROUTE-STATUS" Name="top_quicksort_route_status.rpt"/>
		<File Type="ROUTE-STATUS-PB" Name="top_quicksort_route_status.pb"/>
		<File Type="ROUTE-DCP" Name="top_quicksort_routed.dcp"/>
		<File Type="ROUTE-TIMINGSUMMARY" Name="top_quicksort_timing_summary_routed.rpt"/>
		<File Type="ROUTE-TIMING-PB" Name="top_quicksort_timing_summary_routed.pb"/>
		<File Type="ROUTE-SIMILARITY" Name="top_quicksort_incremental_reuse_routed.rpt"/>
		<File Type="OPT-DCP" Name="top_quicksort_opt.dcp"/>
		<File Type="RDI-RDI" Name="top_quicksort.rdi"/>
		<File Type="PLACE-DCP" Name="top_quicksort_placed.dcp"/>
		<File Type="PWROPT-DCP" Name="top_quicksort_pwropt.dcp"/>
		<File Type="POSTPLACE-PWROPT-DCP" Name="top_quicksort_postplace_pwropt.dcp"/>
		<File Type="PWROPT-DRC" Name="top_quicksort_drc_pwropted.rpt"/>
		<File Type="PHYSOPT-DCP" Name="top_quicksort_physopt.dcp"/>
		<File Type="PHYSOPT-DRC" Name="top_quicksort_drc_physopted.rpt"/>
		<File Type="BG-BIT" Name="top_quicksort.bit"/>
		<File Type="BG-DRC" Name="top_quicksort.drc"/>
		<File Type="BG-BGN" Name="top_quicksort.bgn"/>
		<File Type="BG-BIN" Name="top_quicksort.bin"/>
		<File Type="BITSTR-MSK" Name="top_quicksort.msk"/>
		<File Type="BITSTR-RBT" Name="top_quicksort.rbt"/>
		<File Type="BITSTR-NKY" Name="top_quicksort.nky"/>
		<File Type="BITSTR-BMM" Name="top_quicksort_bd.bmm"/>
		<File Type="WBT-USG" Name="usage_statistics_webtalk.html"/>
		<File Type="RUN-CONSTRS" Name="$PDATADIR/runs/impl_2/constrs_in.xml"/>
	</Run>
</Runs>

